Workbook

Sheet Individual CPAs
B2: CPA | C2: DMSO
B3: Replicate | C3: 1 | D3: 2 | E3: 3 | F3: 4 | G3: 5 | H3: 6 | I3: Average | J3: SD
A4: CPA molarity | B4: 0.5 | C4: 96.42208 | D4: 100.1813 | E4: 90.68607 | F4: 90.10221 | G4: 92.2766 | H4: 90.66887 | I4: =AVERAGE(C4:H4) -> 93.389522 | J4: =_xlfn.STDEV.P(C4:H4) -> 3.6986545
B5: 1 | C5: 80.23301 | D5: 79.45566 | E5: 86.53166 | F5: 74.34898 | G5: 86.09789 | H5: 79.96432 | I5: =AVERAGE(C5:H5) -> 81.105253 | J5: =_xlfn.STDEV.P(C5:H5) -> 4.1793786
B6: 1.5 | C6: 78.80456 | D6: 73.17319 | E6: 69.77999 | F6: 64.54037 | G6: 75.03599 | H6: 76.83374 | I6: =AVERAGE(C6:H6) -> 73.027973 | J6: =_xlfn.STDEV.P(C6:H6) -> 4.7345334
B7: 2 | C7: 71.59431 | D7: 64.49431 | E7: 64.15144 | F7: 54.58313 | G7: 66.06688 | H7: 71.48147 | I7: =AVERAGE(C7:H7) -> 65.395257 | J7: =_xlfn.STDEV.P(C7:H7) -> 5.7035398
B8: 2.5 | C8: 63.97592 | D8: 61.38545 | E8: 62.00722 | F8: 57.25821 | G8: 70.95006 | H8: 67.84596 | I8: =AVERAGE(C8:H8) -> 63.903803 | J8: =_xlfn.STDEV.P(C8:H8) -> 4.4590465
B9: 3 | C9: 55.81336 | D9: 56.0745 | E9: 58.25485 | F9: 63.05421 | G9: 63.57546 | H9: 65.82624 | I9: =AVERAGE(C9:H9) -> 60.433103 | J9: =_xlfn.STDEV.P(C9:H9) -> 3.8926163
B10: 3.5 | C10: 47.71883 | D10: 55.81543 | E10: 48.20385 | F10: 49.97606 | G10: 60.88473 | H10: 61.58481 | I10: =AVERAGE(C10:H10) -> 54.030618 | J10: =_xlfn.STDEV.P(C10:H10) -> 5.7367173
B11: 4 | C11: 33.97853 | D11: 33.14671 | E11: 33.5964 | F11: 32.88529 | G11: 41.94995 | H11: 48.65857 | I11: =AVERAGE(C11:H11) -> 37.369242 | J11: =_xlfn.STDEV.P(C11:H11) -> 5.9455681
B12: 4.5 | C12: 28.60485 | D12: 27.64145 | E12: 26.89573 | F12: 21.88775 | G12: 31.08737 | H12: 38.15599 | I12: =AVERAGE(C12:H12) -> 29.045523 | J12: =_xlfn.STDEV.P(C12:H12) -> 4.9191918
B13: 5 | C13: 13.64016 | D13: 11.83811 | E13: 12.28828 | F13: 11.33605 | G13: 21.71963 | H13: 29.16821 | I13: =AVERAGE(C13:H13) -> 16.665073 | J13: =_xlfn.STDEV.P(C13:H13) -> 6.6065807
B15: CPA | C15: Glycerol
B16: Replicate | C16: 1 | D16: 2 | E16: 3 | F16: 4 | G16: 5 | H16: 6 | I16: Average | J16: SD
A17: CPA molarity | B17: 0.5 | C17: 104.2445 | D17: 104.3265 | E17: 97.92279 | F17: 98.87052 | G17: 94.07042 | H17: 96.52607 | I17: =AVERAGE(C17:H17) -> 99.3268 | J17: =_xlfn.STDEV.P(C17:H17) -> 3.8042482
B18: 1 | C18: 102.2719 | D18: 99.53367 | E18: 91.22213 | F18: 95.15514 | G18: 95.16665 | H18: 97.23298 | I18: =AVERAGE(C18:H18) -> 96.763745 | J18: =_xlfn.STDEV.P(C18:H18) -> 3.5137885
B19: 1.5 | C19: 97.4424 | D19: 100.5052 | E19: 79.42895 | F19: 89.35914 | G19: 89.2869 | H19: 92.99155 | I19: =AVERAGE(C19:H19) -> 91.502357 | J19: =_xlfn.STDEV.P(C19:H19) -> 6.7555135
B20: 2 | C20: 91.32048 | D20: 87.48687 | E20: 80.36705 | F20: 83.11729 | G20: 87.39342 | H20: 85.01363 | I20: =AVERAGE(C20:H20) -> 85.783123 | J20: =_xlfn.STDEV.P(C20:H20) -> 3.4926295
B21: 2.5 | C21: 91.59257 | D21: 87.48687 | E21: 78.75889 | F21: 80.73944 | G21: 86.89514 | H21: 85.41758 | I21: =AVERAGE(C21:H21) -> 85.148415 | J21: =_xlfn.STDEV.P(C21:H21) -> 4.2892131
B22: 3 | C22: 95.1977 | D22: 88.97653 | E22: 78.8929 | F22: 74.34898 | G22: 82.21127 | H22: 84.00377 | I22: =AVERAGE(C22:H22) -> 83.938525 | J22: =_xlfn.STDEV.P(C22:H22) -> 6.7398799
B23: 3.5 | C23: 87.71535 | D23: 84.18371 | E23: 67.90381 | F23: 72.71421 | G23: 84.20441 | H23: 82.69095 | I23: =AVERAGE(C23:H23) -> 79.902073 | J23: =_xlfn.STDEV.P(C23:H23) -> 7.0862701
B24: 4 | C24: 75.4035 | D24: 80.88055 | E24: 55.03853 | F24: 47.44959 | G24: 81.81265 | H24: 76.73276 | I24: =AVERAGE(C24:H24) -> 69.55293 | J24: =_xlfn.STDEV.P(C24:H24) -> 13.31428
B25: 4.5 | C25: 51.1199 | D25: 56.39834 | E25: 34.40048 | F25: 28.27821 | G25: 57.29709 | H25: 53.80887 | I25: =AVERAGE(C25:H25) -> 46.883815 | J25: =_xlfn.STDEV.P(C25:H25) -> 11.305349
B26: 5 | C26: 29.08099 | D26: 27.96528 | E26: 15.77262 | F26: 11.03882 | G26: 35.77123 | H26: 33.10668 | I26: =AVERAGE(C26:H26) -> 25.455937 | J26: =_xlfn.STDEV.P(C26:H26) -> 8.9999707
B28: CPA | C28: PD (12PD)
B29: Replicate | C29: 1 | D29: 2 | E29: 3 | F29: 4 | G29: 5 | H29: 6 | I29: Average | J29: SD
A30: CPA molarity | B30: 0.5 | C30: 105.4689 | D30: 106.982 | E30: 102.2112 | F30: 95.45237 | G30: 95.06699 | H30: 96.42508 | I30: =AVERAGE(C30:H30) -> 100.26776 | J30: =_xlfn.STDEV.P(C30:H30) -> 4.8461671
B31: 1 | C31: 94.92561 | D31: 96.42482 | E31: 88.54186 | F31: 90.99391 | G31: 90.28347 | H31: 91.07281 | I31: =AVERAGE(C31:H31) -> 92.040413 | J31: =_xlfn.STDEV.P(C31:H31) -> 2.7357367
B32: 1.5 | C32: 100.1633 | D32: 91.37293 | E32: 87.87179 | F32: 90.39945 | G32: 90.38312 | H32: 89.86098 | I32: =AVERAGE(C32:H32) -> 91.675262 | J32: =_xlfn.STDEV.P(C32:H32) -> 3.9410984
B33: 2 | C33: 96.83021 | D33: 95.32377 | E33: 90.15002 | F33: 88.0216 | G33: 88.68896 | H33: 89.05309 | I33: =AVERAGE(C33:H33) -> 91.344608 | J33: =_xlfn.STDEV.P(C33:H33) -> 3.4326497
B34: 2.5 | C34: 96.69416 | D34: 97.65541 | E34: 89.61397 | F34: 87.27852 | G34: 89.08759 | H34: 91.37577 | I34: =AVERAGE(C34:H34) -> 91.950903 | J34: =_xlfn.STDEV.P(C34:H34) -> 3.8914788
B35: 3 | C35: 97.51042 | D35: 93.57504 | E35: 85.32554 | F35: 75.09206 | G35: 89.58587 | H35: 88.14421 | I35: =AVERAGE(C35:H35) -> 88.205523 | J35: =_xlfn.STDEV.P(C35:H35) -> 7.0424801
B36: 3.5 | C36: 89.75599 | D36: 88.32885 | E36: 81.17113 | F36: 68.25575 | G36: 86.19754 | H36: 81.37813 | I36: =AVERAGE(C36:H36) -> 82.514565 | J36: =_xlfn.STDEV.P(C36:H36) -> 7.1439783
B37: 4 | C37: 67.98918 | D37: 71.23016 | E37: 57.18274 | F37: 48.78713 | G37: 66.06688 | H37: 77.23769 | I37: =AVERAGE(C37:H37) -> 64.748963 | J37: =_xlfn.STDEV.P(C37:H37) -> 9.3295049
B38: 4.5 | C38: 7.450222 | D38: 4.519351 | E38: 13.76242 | F38: 13.7139 | G38: 7.468719 | H38: 35.22739 | I38: =AVERAGE(C38:H38) -> 13.690334 | J38: =_xlfn.STDEV.P(C38:H38) -> 10.211145
B39: 5 | C39: 0.0359 | D39: 0.115143 | E39: 2.505305 | F39: 2.419128 | G39: 0.193777 | H39: 15.53506 | I39: =AVERAGE(C39:H39) -> 3.4673855 | J39: =_xlfn.STDEV.P(C39:H39) -> 5.4982171
B41: CPA | C41: EG
B42: Replicate | C42: 1 | D42: 2 | E42: 3 | F42: 4 | G42: 5 | H42: 6 | I42: Average | J42: SD
A43: CPA molarity | B43: 0.5 | C43: 108.7339 | D43: 105.6866 | E43: 97.25273 | F43: 99.16775 | G43: 95.76459 | H43: 97.33396 | I43: =AVERAGE(C43:H43) -> 100.65659 | J43: =_xlfn.STDEV.P(C43:H43) -> 4.8186855
B44: 1 | C44: 110.3664 | D44: 113.1349 | E44: 99.66497 | F44: 104.5179 | G44: 96.26287 | H44: 97.63692 | I44: =AVERAGE(C44:H44) -> 103.59733 | J44: =_xlfn.STDEV.P(C44:H44) -> 6.3563255
B45: 1.5 | C45: 107.5776 | D45: 98.10878 | E45: 94.84049 | F45: 91.14252 | G45: 90.28347 | H45: 94.20339 | I45: =AVERAGE(C45:H45) -> 96.026042 | J45: =_xlfn.STDEV.P(C45:H45) -> 5.7638211
B46: 2 | C46: 104.3806 | D46: 101.0881 | E46: 90.9541 | F46: 96.49268 | G46: 89.58587 | H46: 93.09254 | I46: =AVERAGE(C46:H46) -> 95.932315 | J46: =_xlfn.STDEV.P(C46:H46) -> 5.3446852
B47: 2.5 | C47: 110.0263 | D47: 95.32377 | E47: 90.9541 | F47: 87.57575 | G47: 89.78518 | H47: 94.91029 | I47: =AVERAGE(C47:H47) -> 94.762565 | J47: =_xlfn.STDEV.P(C47:H47) -> 7.3512749
B48: 3 | C48: 106.6253 | D48: 108.7307 | E48: 93.50035 | F48: 89.65637 | G48: 89.78518 | H48: 91.07281 | I48: =AVERAGE(C48:H48) -> 96.561785 | J48: =_xlfn.STDEV.P(C48:H48) -> 7.9839964
B49: 3.5 | C49: 100.2313 | D49: 107.8239 | E49: 87.20173 | F49: 85.19791 | G49: 92.87454 | H49: 88.04322 | I49: =AVERAGE(C49:H49) -> 93.5621 | J49: =_xlfn.STDEV.P(C49:H49) -> 8.0542114
B50: 4 | C50: 91.79663 | D50: 92.40922 | E50: 84.65547 | F50: 86.53544 | G50: 95.76459 | H50: 89.86098 | I50: =AVERAGE(C50:H50) -> 90.170388 | J50: =_xlfn.STDEV.P(C50:H50) -> 3.7120306
B51: 4.5 | C51: 90.77631 | D51: 92.08538 | E51: 79.16093 | F51: 81.48252 | G51: 92.87454 | H51: 90.97182 | I51: =AVERAGE(C51:H51) -> 87.891917 | J51: =_xlfn.STDEV.P(C51:H51) -> 5.4394806
B52: 5 | C52: 83.77012 | D52: 78.16031 | E52: 82.10922 | F52: 75.83514 | G52: 88.48965 | H52: 91.1738 | I52: =AVERAGE(C52:H52) -> 83.256373 | J52: =_xlfn.STDEV.P(C52:H52) -> 5.364968
B54: CPA | C54: Triethylene glycol (TER)
B55: Replicate | C55: 1 | D55: 2 | E55: 3 | F55: 4 | G55: 5 | H55: 6 | I55: Average | J55: SD
A56: CPA molarity | B56: 0.5 | C56: 70.39022 | D56: 91.18642 | E56: 90.89032 | F56: 94.10534 | I56: =AVERAGE(C56:H56) -> 86.643075 | J56: =_xlfn.STDEV.P(C56:H56) -> 9.4673355
B57: 1 | C57: 71.92491 | D57: 78.8078 | E57: 78.99519 | F57: 91.15801 | I57: =AVERAGE(C57:H57) -> 80.221477 | J57: =_xlfn.STDEV.P(C57:H57) -> 6.9271755
B58: 1.5 | C58: 61.75764 | D58: 74.94567 | E58: 70.37123 | F58: 79.04121 | I58: =AVERAGE(C58:H58) -> 71.528938 | J58: =_xlfn.STDEV.P(C58:H58) -> 6.4211923
B59: 2 | C59: 62.04539 | D59: 63.55734 | E59: 67.39745 | F59: 73.14655 | I59: =AVERAGE(C59:H59) -> 66.536682 | J59: =_xlfn.STDEV.P(C59:H59) -> 4.286008
B60: 2.5 | C60: 43.91696 | D60: 59.29909 | E60: 61.84639 | F60: 65.17784 | I60: =AVERAGE(C60:H60) -> 57.56007 | J60: =_xlfn.STDEV.P(C60:H60) -> 8.1480304
B61: 3 | C61: 20.60897 | D61: 35.13603 | E61: 39.34478 | F61: 46.94806 | I61: =AVERAGE(C61:H61) -> 35.50946 | J61: =_xlfn.STDEV.P(C61:H61) -> 9.5879521
B62: 3.5 | C62: 2.096866 | D62: 13.94383 | E62: 19.02394 | F62: 34.61294 | I62: =AVERAGE(C62:H62) -> 17.419394 | J62: =_xlfn.STDEV.P(C62:H62) -> 11.673174
B63: 4 | C63: -0.10924 | D63: 0.673947 | E63: 1.181252 | F63: 11.47094 | I63: =AVERAGE(C63:H63) -> 3.3042248 | J63: =_xlfn.STDEV.P(C63:H63) -> 4.7374137
B64: 4.5 | C64: -0.01332 | D64: -0.01926 | E64: -0.20651 | F64: -0.10006 | I64: =AVERAGE(C64:H64) -> -0.0847875 | J64: =_xlfn.STDEV.P(C64:H64) -> 0.078184194
B65: 5 | C65: 0.178513 | D65: 0.178802 | E65: -0.20651 | F65: -0.10006 | I65: =AVERAGE(C65:H65) -> 0.01268625 | J65: =_xlfn.STDEV.P(C65:H65) -> 0.17018495
B67: CPA | C67: 1,3-Propanediol (13PD)
B68: Replicate | C68: 1 | D68: 2 | E68: 3 | F68: 4 | G68: 5 | H68: 6 | I68: Average | J68: SD
A69: CPA molarity | B69: 0.5 | C69: 95.32881 | D69: 93.26603 | E69: 96.63963 | F69: 102.729 | I69: =AVERAGE(C69:H69) -> 96.990867 | J69: =_xlfn.STDEV.P(C69:H69) -> 3.5244284
B70: 1 | C70: 84.87379 | D70: 91.7806 | E70: 85.53751 | F70: 92.35877 | I70: =AVERAGE(C70:H70) -> 88.637668 | J70: =_xlfn.STDEV.P(C70:H70) -> 3.4460985
B71: 1.5 | C71: 80.94117 | D71: 90.19613 | E71: 82.76198 | F71: 90.17557 | I71: =AVERAGE(C71:H71) -> 86.018712 | J71: =_xlfn.STDEV.P(C71:H71) -> 4.2165752
B72: 2 | C72: 74.41877 | D72: 86.63109 | E72: 78.20218 | F72: 84.60839 | I72: =AVERAGE(C72:H72) -> 80.965108 | J72: =_xlfn.STDEV.P(C72:H72) -> 4.895538
B73: 2.5 | C73: 75.76161 | D73: 79.10489 | E73: 75.62491 | F73: 79.69617 | I73: =AVERAGE(C73:H73) -> 77.546895 | J73: =_xlfn.STDEV.P(C73:H73) -> 1.8660118
B74: 3 | C74: 74.99427 | D74: 78.70877 | E74: 71.65987 | F74: 76.20304 | I74: =AVERAGE(C74:H74) -> 75.391487 | J74: =_xlfn.STDEV.P(C74:H74) -> 2.5370126
B75: 3.5 | C75: 60.12704 | D75: 69.49908 | E75: 72.45287 | F75: 67.57937 | I75: =AVERAGE(C75:H75) -> 67.41459 | J75: =_xlfn.STDEV.P(C75:H75) -> 4.551508
B76: 4 | C76: 56.86584 | D76: 52.86221 | E76: 61.84639 | F76: 61.57555 | I76: =AVERAGE(C76:H76) -> 58.287497 | J76: =_xlfn.STDEV.P(C76:H76) -> 3.7058015
B77: 4.5 | C77: 50.05569 | D77: 55.73405 | E77: 54.01543 | F77: 59.17402 | I77: =AVERAGE(C77:H77) -> 54.744798 | J77: =_xlfn.STDEV.P(C77:H77) -> 3.2831516
B78: 5 | C78: 45.06797 | D78: 50.28746 | E78: 49.15825 | F78: 51.42363 | I78: =AVERAGE(C78:H78) -> 48.984328 | J78: =_xlfn.STDEV.P(C78:H78) -> 2.3987734
B80: CPA | C80: 3-M-1,1-Propanediol (3M12PD)
B81: Replicate | C81: 1 | D81: 2 | E81: 3 | F81: 4 | G81: 5 | H81: 6 | I81: Average | J81: SD
A82: CPA molarity | B82: 0.5 | C82: 111.8266 | D82: 103.0699 | E82: 96.144 | F82: 103.4931 | I82: =AVERAGE(C82:H82) -> 103.6334 | J82: =_xlfn.STDEV.P(C82:H82) -> 5.5578066
B83: 1 | C83: 89.286 | D83: 89.89905 | E83: 93.07109 | F83: 99.56336 | I83: =AVERAGE(C83:H83) -> 92.954875 | J83: =_xlfn.STDEV.P(C83:H83) -> 4.076895
B84: 1.5 | C84: 90.9166 | D84: 89.4039 | E84: 88.70954 | F84: 88.86564 | I84: =AVERAGE(C84:H84) -> 89.47392 | J84: =_xlfn.STDEV.P(C84:H84) -> 0.87185287
B85: 2 | C85: 87.55948 | D85: 81.48158 | E85: 83.95149 | F85: 87.77404 | I85: =AVERAGE(C85:H85) -> 85.191648 | J85: =_xlfn.STDEV.P(C85:H85) -> 2.6257367
B86: 2.5 | C86: 88.42274 | D86: 84.35342 | E86: 84.348 | F86: 84.71755 | I86: =AVERAGE(C86:H86) -> 85.460428 | J86: =_xlfn.STDEV.P(C86:H86) -> 1.7168374
B87: 3 | C87: 73.45959 | D87: 73.6583 | E87: 76.81442 | F87: 79.91449 | I87: =AVERAGE(C87:H87) -> 75.9617 | J87: =_xlfn.STDEV.P(C87:H87) -> 2.6418689
B88: 3.5 | C88: 65.01884 | D88: 68.2117 | E88: 72.35375 | F88: 80.02365 | I88: =AVERAGE(C88:H88) -> 71.401985 | J88: =_xlfn.STDEV.P(C88:H88) -> 5.6160801
B89: 4 | C89: 50.63119 | D89: 57.71463 | E89: 62.14377 | F89: 70.19922 | I89: =AVERAGE(C89:H89) -> 60.172203 | J89: =_xlfn.STDEV.P(C89:H89) -> 7.0975126
B90: 4.5 | C90: 25.78852 | D90: 36.52243 | E90: 44.59846 | F90: 52.6244 | I90: =AVERAGE(C90:H90) -> 39.883453 | J90: =_xlfn.STDEV.P(C90:H90) -> 9.9313473
B91: 5 | C91: 12.83964 | D91: 16.81567 | E91: 17.3388 | F91: 17.58392 | I91: =AVERAGE(C91:H91) -> 16.144507 | J91: =_xlfn.STDEV.P(C91:H91) -> 1.9281371
B93: CPA | C93: Urea
B94: Replicate | C94: 1 | D94: 2 | E94: 3 | F94: 4 | G94: 5 | H94: 6 | I94: Average | J94: SD
A95: CPA molarity | B95: 0.5 | C95: 73.45959 | D95: 81.38255 | E95: 79.68907 | F95: 87.66488 | I95: =AVERAGE(C95:H95) -> 80.549022 | J95: =_xlfn.STDEV.P(C95:H95) -> 5.0579088
B96: 1 | C96: 65.78618 | D96: 76.33208 | E96: 83.45586 | F96: 88.64732 | I96: =AVERAGE(C96:H96) -> 78.55536 | J96: =_xlfn.STDEV.P(C96:H96) -> 8.571136
B97: 1.5 | C97: 45.54756 | D97: 44.04863 | E97: 44.59846 | F97: 51.20531 | I97: =AVERAGE(C97:H97) -> 46.34999 | J97: =_xlfn.STDEV.P(C97:H97) -> 2.8540384
B98: 2 | C98: 21.8559 | D98: 31.17487 | E98: 28.24266 | F98: 33.63049 | I98: =AVERAGE(C98:H98) -> 28.72598 | J98: =_xlfn.STDEV.P(C98:H98) -> 4.401218
B99: 2.5 | C99: 10.24987 | D99: 20.18265 | E99: 18.42918 | F99: 17.03812 | I99: =AVERAGE(C99:H99) -> 16.474955 | J99: =_xlfn.STDEV.P(C99:H99) -> 3.762806
B100: 3 | C100: 4.015219 | D100: 7.209859 | E100: 7.029688 | F100: 6.77704 | I100: =AVERAGE(C100:H100) -> 6.2579515 | J100: =_xlfn.STDEV.P(C100:H100) -> 1.303937
B101: 3.5 | C101: 0.370349 | D101: 0.178802 | E101: 0.189992 | F101: 0.336578 | I101: =AVERAGE(C101:H101) -> 0.26893025 | J101: =_xlfn.STDEV.P(C101:H101) -> 0.085463925
B102: 4 | C102: 0.082596 | D102: -0.01926 | E102: -0.20651 | F102: -0.10006 | I102: =AVERAGE(C102:H102) -> -0.0608085 | J102: =_xlfn.STDEV.P(C102:H102) -> 0.10613757
B103: 4.5 | C103: -0.01332 | D103: 0.079773 | E103: -0.20651 | F103: -0.10006 | I103: =AVERAGE(C103:H103) -> -0.06002925 | J103: =_xlfn.STDEV.P(C103:H103) -> 0.10581292
B104: 5 | C104: -0.10924 | D104: -0.11828 | E104: -0.20651 | F104: -0.10006 | I104: =AVERAGE(C104:H104) -> -0.1335225 | J104: =_xlfn.STDEV.P(C104:H104) -> 0.042628886

Sheet Cocktails
A1: CPA | B1: Glycerol | C1: DMSO | D1: EG | E1: 12PD | F1: 13PD | G1: 3M12PD | H1: Urea | I1: Total molarity | J1: % viability
A2: 1 | B2: 3.5 | C2: 0 | D2: 0 | E2: 0 | F2: 0 | G2: 0 | H2: 0 | I2: =SUM(B2:E2) -> 3.5 | J2: 88.494263
A3: 2 | B3: 0 | C3: 3.5 | D3: 0 | E3: 0 | F3: 0 | G3: 0 | H3: 0 | I3: =SUM(B3:E3) -> 3.5 | J3: 58.737419
A4: 3 | B4: 0 | C4: 0 | D4: 3.5 | E4: 0 | F4: 0 | G4: 0 | H4: 0 | I4: =SUM(B4:E4) -> 3.5 | J4: 97.503974
A5: 4 | B5: 3 | C5: 0 | D5: 0.5 | E5: 0 | F5: 0 | G5: 0 | H5: 0 | I5: =SUM(B5:E5) -> 3.5 | J5: 93.760589
A6: 5 | B6: 3 | C6: 0.5 | D6: 0 | E6: 0 | F6: 0 | G6: 0 | H6: 0 | I6: =SUM(B6:E6) -> 3.5 | J6: 87.848772
A7: 6 | B7: 2.5 | C7: 1 | D7: 0 | E7: 0 | F7: 0 | G7: 0 | H7: 0 | I7: =SUM(B7:E7) -> 3.5 | J7: 79.500012
A8: 7 | B8: 2.5 | C8: 0 | D8: 1 | E8: 0 | F8: 0 | G8: 0 | H8: 0 | I8: =SUM(B8:E8) -> 3.5 | J8: 89.992049
A9: 8 | B9: 2.5 | C9: 0.5 | D9: 0.5 | E9: 0 | F9: 0 | G9: 0 | H9: 0 | I9: =SUM(B9:E9) -> 3.5 | J9: 93.018742
A10: 9 | B10: 2 | C10: 1.5 | D10: 0 | E10: 0 | F10: 0 | G10: 0 | H10: 0 | I10: =SUM(B10:E10) -> 3.5 | J10: 69.792163
A11: 10 | B11: 2 | C11: 1 | D11: 0.5 | E11: 0 | F11: 0 | G11: 0 | H11: 0 | I11: =SUM(B11:E11) -> 3.5 | J11: 81.516741
A12: 11 | B12: 2 | C12: 0 | D12: 1.5 | E12: 0 | F12: 0 | G12: 0 | H12: 0 | I12: =SUM(B12:E12) -> 3.5 | J12: 92.774995
A13: 12 | B13: 2 | C13: 0.5 | D13: 1 | E13: 0 | F13: 0 | G13: 0 | H13: 0 | I13: =SUM(B13:E13) -> 3.5 | J13: 86.096369
... A211: 210 | B211: 0.5 | C211: 1.5 | D211: 1 | E211: 2 | F211: 0 | G211: 0 | H211: 0 | I211: =SUM(B211:E211) -> 5 | J211: 53.449418
A212: 211 | B212: 0.5 | C212: 0.5 | D212: 1 | E212: 1 | F212: 1 | G212: 1 | H212: 0 | I212: =SUM(B212:G212) -> 5 | J212: 61.72971
A213: 212 | B213: 0.5 | C213: 0.5 | D213: 0.5 | E213: 0.5 | F213: 1.5 | G213: 1.5 | H213: 0 | I213: =SUM(B213:G213) -> 5 | J213: 37.991215
A214: 213 | B214: 1 | C214: 1 | D214: 0.5 | E214: 0.5 | F214: 1 | G214: 1 | H214: 0 | I214: =SUM(B214:G214) -> 5 | J214: 47.231753
A215: 214 | B215: 0.5 | C215: 0.5 | D215: 1 | E215: 1 | F215: 0.5 | G215: 1.5 | H215: 0 | I215: =SUM(B215:G215) -> 5 | J215: 53.634155
A216: 215 | B216: 0.5 | C216: 0.5 | D216: 0.5 | E216: 0.5 | F216: 2 | G216: 1 | H216: 0 | I216: =SUM(B216:G216) -> 5 | J216: 52.143445
A217: 216 | B217: 1 | C217: 1 | D217: 1 | E217: 1 | F217: 0.5 | G217: 0.5 | H217: 0 | I217: =SUM(B217:G217) -> 5 | J217: 63.722657
A218: 217 | B218: 0 | C218: 0 | D218: 1 | E218: 0 | F218: 2 | G218: 2 | H218: 0 | I218: =SUM(B218:G218) -> 5 | J218: 54.580056
A219: 218 | B219: 1 | C219: 0 | D219: 0 | E219: 0 | F219: 2 | G219: 2 | H219: 0 | I219: =SUM(B219:G219) -> 5 | J219: 34.977852
A220: 219 | B220: 0 | C220: 0 | D220: 0 | E220: 1 | F220: 2 | G220: 2 | H220: 0 | I220: =SUM(B220:G220) -> 5 | J220: 47.658999
A221: 220 | B221: 2 | C221: 0 | D221: 0 | E221: 0 | F221: 2 | G221: 1 | H221: 0 | I221: =SUM(B221:G221) -> 5 | J221: 60.808597
A222: 221 | B222: 0 | C222: 2 | D222: 0 | E222: 0 | F222: 2 | G222: 1 | H222: 0 | I222: =SUM(B222:G222) -> 5 | J222: 34.558347
A223: 222 | B223: 0 | C223: 2 | D223: 0 | E223: 0 | F223: 1 | G223: 2 | H223: 0 | I223: =SUM(B223:G223) -> 5 | J223: 38.26145
... A295: 294 | B295: 0 | C295: 0 | D295: 0 | E295: 1.5 | F295: 1.5 | G295: 2 | H295: 0 | I295: =SUM(B295:G295) -> 5 | J295: 26.794367
A296: 295 | B296: 1 | C296: 0.5 | D296: 0.5 | E296: 0.5 | F296: 0.5 | G296: 0.5 | H296: 0.5 | I296: =SUM(B296:H296) -> 4 | J296: 79.010203
A297: 296 | B297: 0.5 | C297: 0.5 | D297: 1 | E297: 0.5 | F297: 0.5 | G297: 0.5 | H297: 0.5 | I297: =SUM(B297:H297) -> 4 | J297: 69.431381
A298: 297 | B298: 0.5 | C298: 0.5 | D298: 0.5 | E298: 1 | F298: 0.5 | G298: 0.5 | H298: 0.5 | I298: =SUM(B298:H298) -> 4 | J298: 66.999357
A299: 298 | B299: 0.5 | C299: 0.5 | D299: 0.5 | E299: 0.5 | F299: 1 | G299: 0.5 | H299: 0.5 | I299: =SUM(B299:H299) -> 4 | J299: 62.737715
A300: 299 | B300: 0.5 | C300: 0.5 | D300: 0.5 | E300: 0.5 | F300: 0.5 | G300: 1 | H300: 0.5 | I300: =SUM(B300:H300) -> 4 | J300: 68.7337
A301: 300 | B301: 0.5 | C301: 1 | D301: 0.5 | E301: 0.5 | F301: 0.5 | G301: 0.5 | H301: 0.5 | I301: =SUM(B301:H301) -> 4 | J301: 68.511079
A302: 301 | B302: 1 | C302: 1 | D302: 0 | E302: 0 | F302: 1 | G302: 1 | H302: 0.5 | I302: =SUM(B302:H302) -> 4.5 | J302: 64.691836
A303: 302 | B303: 1 | C303: 1 | D303: 0 | E303: 0 | F303: 1 | G303: 1 | H303: 0 | I303: =SUM(B303:H303) -> 4 | J303: 48.017799
A304: 303 | B304: 0 | C304: 1 | D304: 1 | E304: 0 | F304: 1 | G304: 1 | H304: 0.5 | I304: =SUM(B304:H304) -> 4.5 | J304: 63.788501
A305: 304 | B305: 0 | C305: 1 | D305: 1 | E305: 0 | F305: 1 | G305: 1 | H305: 0 | I305: =SUM(B305:H305) -> 4 | J305: 65.211566
A306: 305 | B306: 0 | C306: 1 | D306: 0 | E306: 1 | F306: 1 | G306: 1 | H306: 0.5 | I306: =SUM(B306:H306) -> 4.5 | J306: 55.177153
A307: 306 | B307: 0 | C307: 1 | D307: 0 | E307: 1 | F307: 1 | G307: 1 | H307: 0 | I307: =SUM(B307:H307) -> 4 | J307: 66.303542
... A424: 423 | B424: 3.5 | C424: 0 | D424: 0 | E424: 0.5 | F424: 0.5 | G424: 0.5 | H424: 0 | I424: =SUM(B424:H424) -> 5 | J424: 73.949611
A425: 424 | C425: 0 | D425: 3.5 | E425: 0.5 | F425: 0.5 | G425: 0.5 | H425: 0 | I425: =SUM(B425:H425) -> 5 | J425: 87.292196
A426: 425 | B426: 3 | C426: 0.5 | D426: 0.5 | E426: 0.5 | F426: 0.5 | G426: 0 | H426: 0 | I426: =SUM(B426:H426) -> 5 | J426: 74.39557
A427: 426 | B427: 3 | C427: 0.5 | D427: 0.5 | F427: 0.5 | G427: 0.5 | H427: 0 | I427: =SUM(B427:H427) -> 5 | J427: 74.755579
A428: 427 | B428: 2.5 | C428: 0.5 | D428: 0.5 | E428: 0.5 | F428: 0.5 | G428: 0.5 | H428: 0 | I428: =SUM(B428:H428) -> 5 | J428: 70.856762
A429: 428 | B429: 0.5 | C429: 2.5 | D429: 1 | E429: 0.5 | F429: 0.5 | G429: 0 | H429: 0 | I429: =SUM(B429:H429) -> 5 | J429: 48.524701
A430: 429 | B430: 0.5 | C430: 2.5 | D430: 1 | F430: 0.5 | G430: 0.5 | H430: 0 | I430: =SUM(B430:H430) -> 5 | J430: 51.224439
A431: 430 | B431: 1.5 | C431: 1 | D431: 1 | E431: 0.5 | F431: 0.5 | G431: 0.5 | H431: 0 | I431: =SUM(B431:H431) -> 5 | J431: 51.946538
A432: 431 | B432: 1 | C432: 1 | D432: 1.5 | E432: 1 | F432: 0.5 | G432: 0 | H432: 0 | I432: =SUM(B432:H432) -> 5 | J432: 55.831102
A433: 432 | B433: 1.5 | C433: 1 | D433: 1.5 | E433: 0.5 | F433: 0.5 | G433: 0 | H433: 0 | I433: =SUM(B433:H433) -> 5 | J433: 61.449284
A434: 433 | B434: 1.5 | C434: 1 | D434: 1.5 | F434: 0.5 | G434: 0.5 | H434: 0 | I434: =SUM(B434:H434) -> 5 | J434: 61.064059
A435: 434 | B435: 1.5 | C435: 1.5 | D435: 1 | E435: 0.5 | F435: 0.5 | G435: 0 | H435: 0 | I435: =SUM(B435:H435) -> 5 | J435: 47.962655
A436: 435 | B436: 1.5 | C436: 1.5 | D436: 1.5 | F436: 0.5 | G436: 0 | H436: 0 | I436: =SUM(B436:H436) -> 5 | J436: 53.554301
A437: 436 | B437: 1.5 | C437: 1.5 | D437: 1.5 | E437: 0.5 | G437: 0 | H437: 0 | I437: =SUM(B437:H437) -> 5 | J437: 56.261052
A438: 437 | B438: 0.5 | C438: 2 | D438: 0.5 | E438: 1 | F438: 0.5 | G438: 0.5 | H438: 0 | I438: =SUM(B438:H438) -> 5 | J438: 40.840525
A439: 438 | B439: 1 | C439: 1 | D439: 1 | E439: 0.5 | F439: 0.5 | G439: 1 | H439: 0 | I439: =SUM(B439:H439) -> 5 | J439: 41.280455
A440: 439 | B440: 1.5 | C440: 0 | D440: 1 | E440: 1 | F440: 0.5 | G440: 1 | H440: 0 | I440: =SUM(B440:H440) -> 5 | J440: 55.523169
A441: 440 | B441: 0.5 | C441: 1 | D441: 1.5 | E441: 1.5 | F441: 0.5 | G441: 0 | H441: 0 | I441: =SUM(B441:H441) -> 5 | J441: 53.941718
A442: 441 | C442: 1 | D442: 2 | E442: 1.5 | F442: 0.5 | G442: 0 | H442: 0 | I442: =SUM(B442:H442) -> 5 | J442: 58.397648
A443: 442 | B443: 1 | C443: 0.5 | D443: 2 | E443: 0.5 | F443: 1 | G443: 0 | H443: 0 | I443: =SUM(B443:H443) -> 5 | J443: 61.68684
A444: 443 | B444: 1 | C444: 0.5 | D444: 1 | E444: 2 | F444: 0.5 | H444: 0 | I444: =SUM(B444:H444) -> 5 | J444: 45.250745
A445: 444 | B445: 1 | C445: 0.5 | D445: 1 | E445: 0.5 | F445: 2 | G445: 0 | H445: 0 | I445: =SUM(B445:H445) -> 5 | J445: 54.470438
A446: 445 | B446: 1 | C446: 1 | D446: 2 | E446: 0 | F446: 1 | G446: 0 | H446: 0 | I446: =SUM(B446:H446) -> 5 | J446: 58.666997
A447: 446 | B447: 2 | C447: 0.5 | D447: 2 | F447: 0.5 | H447: 0 | I447: =SUM(B447:H447) -> 5 | J447: 74.973513
A448: 447 | B448: 0.5 | C448: 0.5 | D448: 2 | E448: 1 | F448: 1 | H448: 0 | I448: =SUM(B448:H448) -> 5 | J448: 57.060443
A449: 448 | D449: 2 | E449: 1 | F449: 1 | G449: 1 | H449: 0 | I449: =SUM(B449:H449) -> 5 | J449: 50.645723
A450: 449 | C450: 1.5 | D450: 1.5 | E450: 0.5 | F450: 0.5 | G450: 0.5 | H450: 0 | I450: =SUM(B450:H450) -> 4.5 | J450: 75.417603
A451: 450 | B451: 1 | C451: 0.5 | D451: 1 | F451: 2 | H451: 0 | I451: =SUM(B451:H451) -> 4.5 | J451: 61.908723
A452: 451 | B452: 1 | C452: 0.5 | D452: 1 | E452: 2 | H452: 0 | I452: =SUM(B452:H452) -> 4.5 | J452: 70.864872
A453: 452 | C453: 1 | D453: 1.5 | E453: 1.5 | F453: 0.5 | H453: 0 | I453: =SUM(B453:H453) -> 4.5 | J453: 72.216442
A454: 453 | B454: 1.5 | D454: 1 | E454: 1 | F454: 0.5 | G454: 0.5 | H454: 0 | I454: =SUM(B454:H454) -> 4.5 | J454: 72.644747
A455: 454 | B455: 1.5 | C455: 1 | D455: 0.5 | E455: 0.5 | F455: 0.5 | G455: 0.5 | H455: 0 | I455: =SUM(B455:H455) -> 4.5 | J455: 52.747024
A456: 455 | B456: 1 | C456: 1 | D456: 1.5 | E456: 0.5 | F456: 0.5 | H456: 0 | I456: =SUM(B456:H456) -> 4.5 | J456: 67.644525
A457: 456 | B457: 1.5 | C457: 1 | D457: 1.5 | E457: 0.5 | H457: 0 | I457: =SUM(B457:H457) -> 4.5 | J457: 78.414099
A458: 457 | B458: 1.5 | C458: 1 | D458: 1.5 | F458: 0.5 | H458: 0 | I458: =SUM(B458:H458) -> 4.5 | J458: 72.743081
A459: 458 | B459: 1.5 | C459: 1.5 | D459: 1.5 | H459: 0 | I459: =SUM(B459:H459) -> 4.5 | J459: 66.476143
A460: 459 | B460: 1.5 | C460: 1.5 | D460: 1 | F460: 0.5 | H460: 0 | I460: =SUM(B460:H460) -> 4.5 | J460: 52.47
A461: 460 | B461: 1.5 | C461: 1.5 | D461: 1 | G461: 0.5 | H461: 0 | I461: =SUM(B461:H461) -> 4.5 | J461: 50.183219
A462: 461 | B462: 1 | C462: 1 | D462: 1 | E462: 0.5 | F462: 0.5 | G462: 0.5 | H462: 0 | I462: =SUM(B462:H462) -> 4.5 | J462: 62.366954
A463: 462 | C463: 1.5 | D463: 1.5 | E463: 1.5 | H463: 0 | I463: =SUM(B463:H463) -> 4.5 | J463: 74.792742
A464: 463 | B464: 1.5 | C464: 0.5 | D464: 0.5 | F464: 2 | H464: 0 | I464: =SUM(B464:H464) -> 4.5 | J464: 62.034394
A465: 464 | B465: 1 | C465: 1 | D465: 0.5 | E465: 1.5 | F465: 0.5 | G465: 0 | H465: 0 | I465: =SUM(B465:H465) -> 4.5 | J465: 59.871929
A466: 465 | B466: 2 | D466: 1 | E466: 0.5 | F466: 0.5 | G466: 0.5 | H466: 0 | I466: =SUM(B466:H466) -> 4.5 | J466: 79.136049
A467: 466 | B467: 1.5 | C467: 1 | D467: 0.5 | E467: 0.5 | F467: 1 | G467: 0 | H467: 0 | I467: =SUM(B467:H467) -> 4.5 | J467: 59.88706
A468: 467 | B468: 1.5 | C468: 1 | D468: 0.5 | E468: 0.5 | F468: 0.5 | G468: 0.5 | H468: 0 | I468: =SUM(B468:H468) -> 4.5 | J468: 63.163896
A469: 468 | B469: 0.5 | C469: 1 | D469: 2 | F469: 1 | H469: 0 | I469: =SUM(B469:H469) -> 4.5 | J469: 69.450496
A470: 469 | B470: 2 | D470: 0.5 | F470: 1 | G470: 1 | H470: 0 | I470: =SUM(B470:H470) -> 4.5 | J470: 74.392417
A471: 470 | B471: 1 | D471: 2 | F471: 0.5 | G471: 1 | H471: 0 | I471: =SUM(B471:H471) -> 4.5 | J471: 81.400229
A472: 471 | B472: 1 | D472: 2 | F472: 1 | G472: 0.5 | H472: 0 | I472: =SUM(B472:H472) -> 4.5 | J472: 76.918888
A473: 472 | B473: 1.5 | D473: 1.5 | E473: 0.5 | F473: 0.5 | G473: 0.5 | H473: 0 | I473: =SUM(B473:H473) -> 4.5 | J473: 79.82417
A474: 473 | B474: 2 | D474: 1.5 | E474: 0.5 | F474: 0.5 | H474: 0 | I474: =SUM(B474:H474) -> 4.5 | J474: 80.785547
A475: 474 | B475: 2 | D475: 1 | E475: 0.5 | F475: 0.5 | G475: 0.5 | H475: 0 | I475: =SUM(B475:H475) -> 4.5 | J475: 80.556022
A476: 475 | B476: 2 | D476: 1 | F476: 1 | G476: 0.5 | H476: 0 | I476: =SUM(B476:H476) -> 4.5 | J476: 79.505978
A477: 476 | B477: 2 | D477: 1 | E477: 1 | F477: 0.5 | H477: 0 | I477: =SUM(B477:H477) -> 4.5 | J477: 79.615697
A478: 477 | B478: 1 | C478: 1.5 | D478: 0.5 | E478: 0 | F478: 1 | G478: 0 | H478: 0 | I478: =SUM(B478:H478) -> 4 | J478: 57.095662
A479: 478 | B479: 1 | C479: 1.5 | D479: 0.5 | E479: 0 | F479: 0 | G479: 1 | H479: 0 | I479: =SUM(B479:H479) -> 4 | J479: 55.198547
A480: 479 | B480: 1 | C480: 1.5 | D480: 0 | E480: 0 | F480: 1.5 | G480: 0 | H480: 0 | I480: =SUM(B480:H480) -> 4 | J480: 54.213612
A481: 480 | B481: 1.5 | C481: 1 | D481: 0 | E481: 0 | F481: 1.5 | G481: 0 | H481: 0 | I481: =SUM(B481:H481) -> 4 | J481: 61.581915
A482: 481 | B482: 1.5 | C482: 1 | D482: 0.5 | E482: 0 | F482: 1 | G482: 0 | H482: 0 | I482: =SUM(B482:H482) -> 4 | J482: 66.91472
A483: 482 | B483: 1.5 | C483: 1 | D483: 0.5 | E483: 0 | F483: 0 | G483: 1 | H483: 0 | I483: =SUM(B483:H483) -> 4 | J483: 70.082065
A484: 483 | C484: 1.5 | D484: 0.5 | E484: 1.5 | F484: 0.5 | G484: 0 | H484: 0 | I484: =SUM(B484:H484) -> 4 | J484: 76.048716
...
